{"name":"d3f6b622-4048-4fe6-b2a1-81ec6a88dfdc","id":"/providers/Microsoft.Flow/flows/d3f6b622-4048-4fe6-b2a1-81ec6a88dfdc","type":"Microsoft.Flow/flows","properties":{"apiId":"/providers/Microsoft.PowerApps/apis/shared_logicflows","displayName":"Daily ICU QI Reminder","definition":{"metadata":{"workflowEntityId":null,"processAdvisorMetadata":null,"flowclientsuspensionreason":"AllActionsFailingDetected","flowclientsuspensiontime":"2023-08-15T19:26:32.3143144Z","flowclientsuspensionreasondetails":"Your flow has failed consistently for 14 days. We disabled it on 2/14/2023 7:24:41 PM.","creator":{"id":"a45915e9-a502-488e-983a-7d9056ea371f","type":"User","tenantId":"c1cea889-a105-46e2-9be1-754043d7c84f"},"provisioningMethod":"FromDefinition","failureAlertSubscription":true,"clientLastModifiedTime":"2023-01-30T20:52:50.0019076Z","flowChargedByPaygo":null},"$schema":"https://schema.management.azure.com/providers/Microsoft.Logic/schemas/2016-06-01/workflowdefinition.json#","contentVersion":"1.0.0.0","parameters":{"$connections":{"defaultValue":{},"type":"Object"},"$authentication":{"defaultValue":{},"type":"SecureObject"}},"triggers":{"Recurrence":{"recurrence":{"frequency":"Hour","interval":12,"startTime":"2022-12-22T20:00:00.000Z"},"metadata":{"operationMetadataId":"1bbb3260-e52d-469b-994b-bc1f16d257e2"},"type":"Recurrence"}},"actions":{"NoAdmitList":{"runAfter":{"get_no_admits":["Succeeded"]},"metadata":{"operationMetadataId":"c42cf0ac-e07a-4271-86e9-f7e54e636dfc"},"type":"Select","inputs":{"from":"@outputs('get_no_admits')?['body/value']","select":"@item()?['crba5_name']"}},"Joined_patients,_no_admit":{"runAfter":{"NoAdmitList":["Succeeded"]},"metadata":{"operationMetadataId":"e95771d6-f836-442d-bcc1-2bed291062eb"},"type":"Join","inputs":{"from":"@body('NoAdmitList')","joinWith":", "}},"ApacheList":{"runAfter":{"get_no_apache":["Succeeded"]},"metadata":{"operationMetadataId":"d2f0e66c-4b0c-4b86-864f-0281fa544e12"},"type":"Select","inputs":{"from":"@outputs('get_no_apache')?['body/value']","select":"@item()?['crba5_name']"}},"Joined_patients,_no_Apache":{"runAfter":{"ApacheList":["Succeeded"]},"metadata":{"operationMetadataId":"3a60cb0f-e187-4a91-a7a3-d21df698979a"},"type":"Join","inputs":{"from":"@body('ApacheList')","joinWith":", "}},"diffobject":{"runAfter":{"get_all_patients":["Succeeded"]},"metadata":{"operationMetadataId":"112d7ce3-232d-4acb-8723-c6413e65491f"},"type":"InitializeVariable","inputs":{"variables":[{"name":"diffObject","type":"object"}]}},"Init_needUpdate":{"runAfter":{"diffobject":["Succeeded"]},"metadata":{"operationMetadataId":"967a33b0-146f-481b-b5eb-224e4fc1b5d8"},"type":"InitializeVariable","inputs":{"variables":[{"name":"needUpdate","type":"array"}]}},"List_needing_updates":{"runAfter":{"Apply_to_each_3":["Succeeded"]},"metadata":{"operationMetadataId":"2b453193-f91a-4523-a95b-5a71f25e06ed"},"type":"Join","inputs":{"from":"@variables('needUpdate')","joinWith":", "}},"SelectUpdateDates":{"runAfter":{"Initialize_UpdateIDs":["Succeeded"]},"metadata":{"operationMetadataId":"84ea4fd6-4bc9-48ad-b9e1-75964aa3e385"},"type":"Select","inputs":{"from":"@outputs('get_all_patients')?['body/value']","select":{"name":"@item()?['crba5_name']","lastupdate":"@item()?['crba5_lastqiupdate']","ID":"@item()?['crba5_icupatientsid']"}}},"Parse_nameDates":{"runAfter":{"SelectUpdateDates":["Succeeded"]},"metadata":{"operationMetadataId":"ae803c7f-00ad-4b8f-b7ff-c18077e28caa"},"type":"ParseJson","inputs":{"content":"@body('SelectUpdateDates')","schema":{"type":"array","items":{"type":"object","properties":{"name":{"type":"string"},"lastupdate":{"type":"string"},"ID":{"type":"string"}},"required":["name","lastupdate","ID"]}}}},"Compose_utcNow":{"runAfter":{"Parse_nameDates":["Succeeded"]},"metadata":{"operationMetadataId":"ef38a820-2e78-4a5e-8298-bcfdaedcbf27"},"type":"Compose","inputs":"@parseDateTime(formatDateTime(utcNow(),'G','en-gb'),'en-gb')"},"Apply_to_each_3":{"foreach":"@body('Parse_nameDates')","actions":{"Compose_updateDate":{"runAfter":{},"metadata":{"operationMetadataId":"96954990-fd47-49bc-a78c-61f3ca1d7dac"},"type":"Compose","inputs":"@parseDateTime(formatDateTime(items('Apply_to_each_3')['lastupdate'],'G','en-gb'),'en-gb')"},"dateDiff":{"runAfter":{"Compose_updateDate":["Succeeded"]},"metadata":{"operationMetadataId":"fbdb0ab4-b87b-4c69-8d12-230f1d86ec6c"},"type":"Compose","inputs":"@dateDifference(outputs('Compose_updateDate'),outputs('Compose_utcNow'))"},"splitDateDiff":{"runAfter":{"dateDiff":["Succeeded"]},"metadata":{"operationMetadataId":"45d3cefb-6a60-46ab-8528-904c08a42fcf"},"type":"Compose","inputs":"@split(outputs('dateDiff'),':')"},"Set_diffObject":{"runAfter":{"splitDateDiff":["Succeeded"]},"metadata":{"operationMetadataId":"4a942911-bebc-4c4a-8b76-3ca663f38f8e"},"type":"SetVariable","inputs":{"name":"diffObject","value":{"minutesLeft":"@int(outputs('splitDateDiff')[1])","secondsLeft":"@int(outputs('splitDateDiff')[2])","hoursLeft":"@int(last(split(outputs('splitDateDiff')[0],'.')))","days":"@if(\n    greater(\n        indexOf(outputs('splitDateDiff')[0],'.'),\n        -1\n    ),\n    int(split(outputs('splitDateDiff')[0],'.')[0]),\n    0\n)"}}},"Parse_JSON":{"runAfter":{"Set_diffObject":["Succeeded"]},"metadata":{"operationMetadataId":"a90343d1-072d-4b5e-be87-bda8f525199c"},"type":"ParseJson","inputs":{"content":"@variables('diffObject')","schema":{"type":"object","properties":{"minutesLeft":{"type":"integer"},"secondsLeft":{"type":"integer"},"hoursLeft":{"type":"integer"},"days":{"type":"integer"}}}}},"Condition":{"actions":{"Append_to_name_array":{"runAfter":{},"metadata":{"operationMetadataId":"ecdbd730-f8ec-47df-bd6e-c5d86af148fe"},"type":"AppendToArrayVariable","inputs":{"name":"needUpdate","value":"@items('Apply_to_each_3')['name']"}},"Append_to_ID_array":{"runAfter":{"Append_to_name_array":["Succeeded"]},"metadata":{"operationMetadataId":"6956f59b-3282-44f6-9f08-7c7c11df7888"},"type":"AppendToArrayVariable","inputs":{"name":"needUpdateIDs","value":"@items('Apply_to_each_3')['ID']"}}},"runAfter":{"Parse_JSON":["Succeeded"]},"expression":{"greaterOrEquals":["@body('Parse_JSON')?['days']",1]},"metadata":{"operationMetadataId":"6dd1bc0b-51ba-4504-8f41-d906f6aaac11"},"type":"If"}},"runAfter":{"Compose_utcNow":["Succeeded"]},"metadata":{"operationMetadataId":"a7db252d-dc4c-4469-8a1a-430b38ccfd56"},"type":"Foreach"},"get_no_admits":{"runAfter":{"Initialize_score":["Succeeded"]},"metadata":{"operationMetadataId":"19d21278-2ff6-4c1c-9473-1039fd8e7287"},"type":"OpenApiConnection","inputs":{"host":{"apiId":"/providers/Microsoft.PowerApps/apis/shared_commondataserviceforapps","connectionName":"shared_commondataserviceforapps","operationId":"ListRecords"},"parameters":{"entityName":"crba5_icupatientses","$filter":"crba5_admitchecklist ne true"},"authentication":"@parameters('$authentication')"}},"get_no_apache":{"runAfter":{"if_none,_raise_score":["Succeeded"]},"metadata":{"operationMetadataId":"031a2fda-3048-4820-bab2-97b6b9e49588"},"type":"OpenApiConnection","inputs":{"host":{"apiId":"/providers/Microsoft.PowerApps/apis/shared_commondataserviceforapps","connectionName":"shared_commondataserviceforapps","operationId":"ListRecords"},"parameters":{"entityName":"crba5_icupatientses","$filter":"crba5_apache eq null"},"authentication":"@parameters('$authentication')"}},"get_all_patients":{"runAfter":{"if_none,_raise_score_2":["Succeeded"]},"metadata":{"operationMetadataId":"3049209b-e438-4d71-b2ee-005ad5a6e495"},"type":"OpenApiConnection","inputs":{"host":{"apiId":"/providers/Microsoft.PowerApps/apis/shared_commondataserviceforapps","connectionName":"shared_commondataserviceforapps","operationId":"ListRecords"},"parameters":{"entityName":"crba5_icupatientses"},"authentication":"@parameters('$authentication')"}},"Initialize_UpdateIDs":{"runAfter":{"Init_needUpdate":["Succeeded"]},"metadata":{"operationMetadataId":"c1d220ee-c33e-4427-86f2-9d0fa21c3df0"},"type":"InitializeVariable","inputs":{"variables":[{"name":"needUpdateIDs","type":"array"}]}},"Initialize_score":{"runAfter":{},"metadata":{"operationMetadataId":"b423a0b4-c02d-4983-b1b7-6cae06ce9d51"},"type":"InitializeVariable","inputs":{"variables":[{"name":"score","type":"integer","value":0}]}},"if_none,_raise_score":{"actions":{"score_for_all_admit":{"runAfter":{},"metadata":{"operationMetadataId":"a4a9420b-139c-4bf3-9dfc-f29c4570a45d"},"type":"IncrementVariable","inputs":{"name":"score","value":1}}},"runAfter":{"Joined_patients,_no_admit":["Succeeded"]},"expression":{"equals":["@empty(body('Joined_patients,_no_admit'))","@true"]},"metadata":{"operationMetadataId":"78d73ce5-d098-4e4c-8695-6d8899804a1b"},"type":"If"},"if_none,_raise_score_2":{"actions":{"score_for_all_apache":{"runAfter":{},"metadata":{"operationMetadataId":"a4a9420b-139c-4bf3-9dfc-f29c4570a45d"},"type":"IncrementVariable","inputs":{"name":"score","value":1}}},"runAfter":{"Joined_patients,_no_Apache":["Succeeded"]},"expression":{"equals":["@empty(body('Joined_patients,_no_Apache'))","@true"]},"metadata":{"operationMetadataId":"78d73ce5-d098-4e4c-8695-6d8899804a1b"},"type":"If"},"if_none,_raise_score_3":{"actions":{"score_for_all_updated":{"runAfter":{},"metadata":{"operationMetadataId":"a4a9420b-139c-4bf3-9dfc-f29c4570a45d"},"type":"IncrementVariable","inputs":{"name":"score","value":1}}},"runAfter":{"List_needing_updates":["Succeeded"]},"expression":{"equals":["@empty(body('List_needing_updates'))","@true"]},"metadata":{"operationMetadataId":"78d73ce5-d098-4e4c-8695-6d8899804a1b"},"type":"If"},"check_score":{"actions":{"Post_adaptive_card_in_a_chat_or_channel":{"runAfter":{},"metadata":{"operationMetadataId":"10bf9f1d-5364-446f-b750-1b53a0c089a9"},"type":"OpenApiConnection","inputs":{"host":{"apiId":"/providers/Microsoft.PowerApps/apis/shared_teams","connectionName":"shared_teams","operationId":"PostCardToConversation"},"parameters":{"poster":"Flow bot","location":"Channel","body/recipient/groupId":"8f4c02a5-8b01-425e-bb1b-7bea24a92ac4","body/recipient/channelId":"19:3bf4f1c2fc0c443f97d3e112548e36f6@thread.tacv2","body/messageBody":"{\n    \"type\": \"AdaptiveCard\",\n    \"body\": [\n        {\n            \"type\": \"TextBlock\",\n            \"size\": \"Medium\",\n            \"weight\": \"Bolder\",\n            \"text\": \"ICU Quality Improvement\"\n        },\n        {\n            \"type\": \"ColumnSet\",\n            \"columns\": [\n                {\n                    \"type\": \"Column\",\n                    \"items\": [\n                        {\n                            \"type\": \"Image\",\n                            \"style\": \"Person\",\n                            \"url\": \"https://www.scot.nhs.uk/wp-content/uploads/2016/03/nhsscotland_logo192-50x50.png\",\n                            \"size\": \"Small\"\n                        }\n                    ],\n                    \"width\": \"auto\"\n                },\n                {\n                    \"type\": \"Column\",\n                    \"items\": [\n                        {\n                            \"type\": \"TextBlock\",\n                            \"weight\": \"Bolder\",\n                            \"text\": \"CONGRATULATIONS!!\",\n                            \"wrap\": true,\n                            \"color\": \"Good\"\n                        },\n                        {\n                            \"type\": \"TextBlock\",\n                            \"spacing\": \"None\",\n                            \"text\": \"@{formatDateTime(utcNow(),'g','en-GB')}\",\n                            \"isSubtle\": true,\n                            \"wrap\": true\n                        }\n                    ],\n                    \"width\": \"stretch\"\n                }\n            ]\n        },\n        {\n            \"type\": \"TextBlock\",\n            \"text\": \"All patients are up to date on their Admit Checklists, APACHE scores, and Daily QI updates. Thanks for staying on top of this.\",\n            \"wrap\": true,\n            \"weight\": \"Bolder\"\n        }\n    ],\n    \"actions\": [\n        {\n            \"type\": \"Action.OpenUrl\",\n            \"title\": \"ICU QI App\",\n            \"url\": \"https://teams.microsoft.com/l/entity/faf8b94a-d758-493f-a381-9a997a82f60c/_djb2_msteams_prefix_293841681?context=%7B%22subEntityId%22%3Anull%2C%22channelId%22%3A%2219%3A3bf4f1c2fc0c443f97d3e112548e36f6%40thread.tacv2%22%7D&groupId=8f4c02a5-8b01-425e-bb1b-7bea24a92ac4&tenantId=c1cea889-a105-46e2-9be1-754043d7c84f&allowXTenantAccess=false\"\n        },\n        {\n            \"type\": \"Action.OpenUrl\",\n            \"title\": \"ICU QI Report\",\n            \"url\": \"https://teams.microsoft.com/l/entity/1c4340de-2a85-40e5-8eb0-4f295368978b/_djb2_msteams_prefix_933030853?context=%7B%22subEntityId%22%3Anull%2C%22channelId%22%3A%2219%3A3bf4f1c2fc0c443f97d3e112548e36f6%40thread.tacv2%22%7D&groupId=8f4c02a5-8b01-425e-bb1b-7bea24a92ac4&tenantId=c1cea889-a105-46e2-9be1-754043d7c84f&allowXTenantAccess=false\"\n        }\n    ],\n    \"$schema\": \"http://adaptivecards.io/schemas/adaptive-card.json\",\n    \"version\": \"1.4\"\n}"},"authentication":"@parameters('$authentication')"}}},"runAfter":{"if_none,_raise_score_3":["Succeeded"]},"else":{"actions":{"select_attendings":{"runAfter":{},"metadata":{"operationMetadataId":"3834ca08-6f1e-4d77-a8ad-eb0406013b7a"},"type":"Select","inputs":{"from":"@outputs('get_all_patients')?['body/value']","select":{"attending":"@item()?['crba5_consultant']"}}},"Post_a_feed_notification":{"runAfter":{"select_attendings":["Succeeded"]},"metadata":{"operationMetadataId":"e70fd7e2-fcf6-4b93-a584-a017a9359517"},"type":"OpenApiConnection","inputs":{"host":{"apiId":"/providers/Microsoft.PowerApps/apis/shared_teams","connectionName":"shared_teams","operationId":"PostFeedNotification"},"parameters":{"poster":"Flow bot","notificationType":"team","body/recipient":"@body('select_attendings')[0]['attending']","body/previewText":"URGENT: See ICU QI data needed in Channel","body/channelRecipient/groupId":"8f4c02a5-8b01-425e-bb1b-7bea24a92ac4","body/channelRecipient/channelId":"19:3bf4f1c2fc0c443f97d3e112548e36f6@thread.tacv2"},"authentication":"@parameters('$authentication')"}},"Post_adaptive_card_and_wait_for_a_response":{"runAfter":{"Post_a_feed_notification":["Succeeded"]},"limit":{"timeout":"PT2H"},"metadata":{"operationMetadataId":"5c469d96-7c08-4010-a0e2-3e19255fea42"},"type":"OpenApiConnectionWebhook","inputs":{"host":{"apiId":"/providers/Microsoft.PowerApps/apis/shared_teams","connectionName":"shared_teams","operationId":"PostCardAndWaitForResponse"},"parameters":{"poster":"Flow bot","location":"Channel","body/body/messageBody":"{\n    \"type\": \"AdaptiveCard\",\n    \"body\": [\n        {\n            \"type\": \"TextBlock\",\n            \"size\": \"Medium\",\n            \"weight\": \"Bolder\",\n            \"text\": \"ICU Quality Improvement\"\n        },\n        {\n            \"type\": \"ColumnSet\",\n            \"columns\": [\n                {\n                    \"type\": \"Column\",\n                    \"items\": [\n                        {\n                            \"type\": \"Image\",\n                            \"style\": \"Person\",\n                            \"url\": \"https://www.scot.nhs.uk/wp-content/uploads/2016/03/nhsscotland_logo192-50x50.png\",\n                            \"size\": \"Small\"\n                        }\n                    ],\n                    \"width\": \"auto\"\n                },\n                {\n                    \"type\": \"Column\",\n                    \"items\": [\n                        {\n                            \"type\": \"TextBlock\",\n                            \"weight\": \"Bolder\",\n                            \"text\": \"Some patients need updates. SEE DETAIL BELOW and address.\",\n                            \"wrap\": true,\n                            \"color\": \"Attention\"\n                        },\n                        {\n                            \"type\": \"TextBlock\",\n                            \"spacing\": \"None\",\n                            \"text\": \"@{formatDateTime(utcNow(),'g','en-GB')}\",\n                            \"isSubtle\": true,\n                            \"wrap\": true\n                        }\n                    ],\n                    \"width\": \"stretch\"\n                }\n            ]\n        },\n        {\n            \"type\": \"TextBlock\",\n            \"text\": \"Patients @{body('List_needing_updates')} have NOT had data updates in the last 24 hours.\",\n            \"wrap\": true,\n            \"weight\": \"Bolder\"\n        },\n        {\n            \"type\": \"TextBlock\",\n            \"text\": \"Patients @{body('Joined_patients,_no_admit')} have NOT had a completed admit checklist.\",\n            \"wrap\": true\n        },\n        {\n            \"type\": \"TextBlock\",\n            \"text\": \"Patients @{body('Joined_patients,_no_Apache')} have NOT had an APACHE score recorded.\",\n            \"wrap\": true\n        }\n    ],\n    \"actions\": [\n        {\n            \"type\": \"Action.OpenUrl\",\n            \"title\": \"ICU QI App\",\n            \"url\": \"https://teams.microsoft.com/l/entity/faf8b94a-d758-493f-a381-9a997a82f60c/_djb2_msteams_prefix_293841681?context=%7B%22subEntityId%22%3Anull%2C%22channelId%22%3A%2219%3A3bf4f1c2fc0c443f97d3e112548e36f6%40thread.tacv2%22%7D&groupId=8f4c02a5-8b01-425e-bb1b-7bea24a92ac4&tenantId=c1cea889-a105-46e2-9be1-754043d7c84f&allowXTenantAccess=false\"\n        },\n        {\n            \"type\": \"Action.ShowCard\",\n            \"title\": \"Reassign updates\",\n            \"card\": {\n                \"type\": \"AdaptiveCard\",\n                \"body\": [\n                    {\n                        \"type\": \"TextBlock\",\n                        \"size\": \"Medium\",\n                        \"weight\": \"Bolder\",\n                        \"text\": \"Reassign the updates for these patients\"\n                    },\n                    {\n                        \"type\": \"Input.ChoiceSet\",\n                        \"choices.data\": {\n                            \"type\": \"Data.Query\",\n                            \"dataset\": \"graph.microsoft.com/users\"\n                        },\n                        \"id\": \"people-picker\"\n                    }\n                ],\n                \"actions\": [\n                    {\n                        \"type\": \"Action.Submit\",\n                        \"title\": \"OK\"\n                    }\n                ]\n            }\n        },\n        {\n            \"type\": \"Action.OpenUrl\",\n            \"title\": \"ICU QI Report\",\n            \"url\": \"https://teams.microsoft.com/l/entity/1c4340de-2a85-40e5-8eb0-4f295368978b/_djb2_msteams_prefix_933030853?context=%7B%22subEntityId%22%3Anull%2C%22channelId%22%3A%2219%3A3bf4f1c2fc0c443f97d3e112548e36f6%40thread.tacv2%22%7D&groupId=8f4c02a5-8b01-425e-bb1b-7bea24a92ac4&tenantId=c1cea889-a105-46e2-9be1-754043d7c84f&allowXTenantAccess=false\"\n        }\n    ],\n    \"$schema\": \"http://adaptivecards.io/schemas/adaptive-card.json\",\n    \"version\": \"1.4\"\n}","body/body/updateMessage":"Thanks for updating our reminders.","body/body/recipient/groupId":"8f4c02a5-8b01-425e-bb1b-7bea24a92ac4","body/body/recipient/channelId":"19:3bf4f1c2fc0c443f97d3e112548e36f6@thread.tacv2"},"authentication":"@parameters('$authentication')"}},"Parse_care_response_JSON":{"runAfter":{"Post_adaptive_card_and_wait_for_a_response":["Succeeded"]},"metadata":{"operationMetadataId":"ac269f87-5b04-4f14-a732-2ebee0f796ef"},"type":"ParseJson","inputs":{"content":"@body('Post_adaptive_card_and_wait_for_a_response')","schema":{"type":"object","properties":{"responseTime":{"type":"string"},"responder":{"type":"object","properties":{"objectId":{"type":"string"},"tenantId":{"type":"string"},"email":{"type":"string"},"userPrincipalName":{"type":"string"},"displayName":{"type":"string"}}},"submitActionId":{"type":"string"},"messageId":{"type":"string"},"messageLink":{"type":"string"},"data":{"type":"object","properties":{"people-picker":{"type":"string"}}}}}}},"Get_user_profile_(V2)":{"runAfter":{"Parse_care_response_JSON":["Succeeded"]},"metadata":{"operationMetadataId":"4b4fafad-d741-460b-adad-ae33c3bcb6b6"},"type":"OpenApiConnection","inputs":{"host":{"apiId":"/providers/Microsoft.PowerApps/apis/shared_office365users","connectionName":"shared_office365users","operationId":"UserProfile_V2"},"parameters":{"id":"@body('Parse_care_response_JSON')?['data']?['people-picker']"},"authentication":"@parameters('$authentication')"}},"Apply_to_each":{"foreach":"@outputs('get_all_patients')?['body/value']","actions":{"Update_a_row":{"runAfter":{},"metadata":{"operationMetadataId":"85fcc988-8665-4dc9-b574-e52dd697394e"},"type":"OpenApiConnection","inputs":{"host":{"apiId":"/providers/Microsoft.PowerApps/apis/shared_commondataserviceforapps","connectionName":"shared_commondataserviceforapps","operationId":"UpdateRecord"},"parameters":{"entityName":"crba5_icupatientses","recordId":"@items('Apply_to_each')?['crba5_icupatientsid']","item/crba5_consultant":"@outputs('Get_user_profile_(V2)')?['body/userPrincipalName']"},"authentication":"@parameters('$authentication')"}}},"runAfter":{"Get_user_profile_(V2)":["Succeeded"]},"metadata":{"operationMetadataId":"87221c2c-73bb-42bd-b96f-584d30a679f8"},"type":"Foreach"}}},"expression":{"equals":["@variables('score')",3]},"metadata":{"operationMetadataId":"8b86a052-b008-45e0-b626-a4aebe59ddc4"},"type":"If"}}},"connectionReferences":{"shared_commondataserviceforapps":{"connectionName":"shared-commondataser-1e795f09-df2f-4398-8a6f-d069cef65f18","source":"Embedded","id":"/providers/Microsoft.PowerApps/apis/shared_commondataserviceforapps","tier":"NotSpecified"},"shared_teams":{"connectionName":"87bb66d05b65403f9c1df4726b56cc05","source":"Embedded","id":"/providers/Microsoft.PowerApps/apis/shared_teams","tier":"NotSpecified"},"shared_office365users":{"connectionName":"51199b53cb6f4e018e32c4a00c6eddd0","source":"Embedded","id":"/providers/Microsoft.PowerApps/apis/shared_office365users","tier":"NotSpecified"}},"flowFailureAlertSubscribed":false,"isManaged":false}}