{"name":"3c7b72b9-9cc2-4a7e-ac60-a6a08a71b18b","id":"/providers/Microsoft.Flow/flows/3c7b72b9-9cc2-4a7e-ac60-a6a08a71b18b","type":"Microsoft.Flow/flows","properties":{"apiId":"/providers/Microsoft.PowerApps/apis/shared_logicflows","displayName":"Daily check for Month Old Patients","definition":{"metadata":{"workflowEntityId":null,"processAdvisorMetadata":null,"flowclientsuspensionreason":"None","flowclientsuspensiontime":null,"flowclientsuspensionreasondetails":null,"creator":{"id":"a45915e9-a502-488e-983a-7d9056ea371f","type":"User","tenantId":"c1cea889-a105-46e2-9be1-754043d7c84f"},"provisioningMethod":"FromDefinition","failureAlertSubscription":true,"clientLastModifiedTime":"2023-01-30T21:34:25.5584797Z","flowChargedByPaygo":null},"$schema":"https://schema.management.azure.com/providers/Microsoft.Logic/schemas/2016-06-01/workflowdefinition.json#","contentVersion":"1.0.0.0","parameters":{"$connections":{"defaultValue":{},"type":"Object"},"$authentication":{"defaultValue":{},"type":"SecureObject"}},"triggers":{"Recurrence":{"recurrence":{"frequency":"Day","interval":1,"schedule":{"hours":["7"]}},"metadata":{"operationMetadataId":"3b57228a-d1de-42e5-bd3a-03ad4a6cd441"},"type":"Recurrence"}},"actions":{"List_rows":{"runAfter":{},"metadata":{"operationMetadataId":"141f6fbe-7db4-4739-b610-845d0921899c"},"type":"OpenApiConnection","inputs":{"host":{"apiId":"/providers/Microsoft.PowerApps/apis/shared_commondataserviceforapps","connectionName":"shared_commondataserviceforapps","operationId":"ListRecords"},"parameters":{"entityName":"crba5_icupatientses","$select":"createdon,crba5_name"},"authentication":"@parameters('$authentication')"}},"monthOldPatients":{"runAfter":{"List_rows":["Succeeded"]},"metadata":{"operationMetadataId":"3052aa63-13ba-4a99-9eb6-27e86d97939c"},"type":"InitializeVariable","inputs":{"variables":[{"name":"monthOldPatients","type":"array"}]}},"diffobject":{"runAfter":{"monthOldPatients":["Succeeded"]},"metadata":{"operationMetadataId":"3386f5e4-bc26-426d-817b-89675c9b90b9"},"type":"InitializeVariable","inputs":{"variables":[{"name":"diffobject","type":"object"}]}},"Compose_utcNow":{"runAfter":{"diffobject":["Succeeded"]},"metadata":{"operationMetadataId":"ef38a820-2e78-4a5e-8298-bcfdaedcbf27"},"type":"Compose","inputs":"@parseDateTime(formatDateTime(utcNow(), 'G', 'en-gb'), 'en-gb')"},"Apply_to_each":{"foreach":"@outputs('List_rows')?['body/value']","actions":{"Compose_updateDate":{"runAfter":{},"metadata":{"operationMetadataId":"96954990-fd47-49bc-a78c-61f3ca1d7dac"},"type":"Compose","inputs":"@parseDateTime(formatDateTime(items('Apply_to_each')?['createdon'],'G','en-gb'),'en-gb')"},"DateDiff":{"runAfter":{"Compose_updateDate":["Succeeded"]},"metadata":{"operationMetadataId":"9c8cbc26-beb0-4b1a-b514-4b18a7f943b7"},"type":"Compose","inputs":"@dateDifference(outputs('Compose_updateDate'),outputs('Compose_utcNow'))"},"splitDateDiff":{"runAfter":{"DateDiff":["Succeeded"]},"metadata":{"operationMetadataId":"45d3cefb-6a60-46ab-8528-904c08a42fcf"},"type":"Compose","inputs":"@split(outputs('dateDiff'), ':')"},"Set_diffObject":{"runAfter":{"splitDateDiff":["Succeeded"]},"metadata":{"operationMetadataId":"4a942911-bebc-4c4a-8b76-3ca663f38f8e"},"type":"SetVariable","inputs":{"name":"diffObject","value":{"minutesLeft":"@int(outputs('splitDateDiff')[1])","secondsLeft":"@int(outputs('splitDateDiff')[2])","hoursLeft":"@int(last(split(outputs('splitDateDiff')[0], '.')))","days":"@if(greater(indexOf(outputs('splitDateDiff')[0], '.'), -1), int(split(outputs('splitDateDiff')[0], '.')[0]), 0)"}}},"Parse_JSON":{"runAfter":{"Set_diffObject":["Succeeded"]},"metadata":{"operationMetadataId":"a90343d1-072d-4b5e-be87-bda8f525199c"},"type":"ParseJson","inputs":{"content":"@variables('diffObject')","schema":{"type":"object","properties":{"minutesLeft":{"type":"integer"},"secondsLeft":{"type":"integer"},"hoursLeft":{"type":"integer"},"days":{"type":"integer"}}}}},"Condition":{"actions":{"Append_to_monthOldPatients":{"runAfter":{},"metadata":{"operationMetadataId":"ec7678f9-42ab-406b-9f2f-c018f70b19e8"},"type":"AppendToArrayVariable","inputs":{"name":"monthOldPatients","value":"@items('Apply_to_each')?['crba5_name']"}}},"runAfter":{"Parse_JSON":["Succeeded"]},"expression":{"greater":["@body('Parse_JSON')?['days']",29]},"metadata":{"operationMetadataId":"fccc5d2d-70ce-4afa-bc51-8b04b5e5a065"},"type":"If"}},"runAfter":{"Compose_utcNow":["Succeeded"]},"metadata":{"operationMetadataId":"7f6f8182-78cb-406b-a78e-55d977eef664"},"type":"Foreach"},"Condition_2":{"actions":{"Terminate":{"runAfter":{},"metadata":{"operationMetadataId":"32f794a4-b83f-498f-9f51-05c1109a7585"},"type":"Terminate","inputs":{"runStatus":"Succeeded"}}},"runAfter":{"Apply_to_each":["Succeeded"]},"else":{"actions":{"List_of_MonthOld_patients":{"runAfter":{},"metadata":{"operationMetadataId":"2b453193-f91a-4523-a95b-5a71f25e06ed"},"type":"Join","inputs":{"from":"@variables('monthOldPatients')","joinWith":", "}},"Post_adaptive_card_in_a_chat_or_channel":{"runAfter":{"List_of_MonthOld_patients":["Succeeded"]},"metadata":{"operationMetadataId":"cb141031-b363-4fbc-a07a-c0fd95845d3c"},"type":"OpenApiConnection","inputs":{"host":{"apiId":"/providers/Microsoft.PowerApps/apis/shared_teams","connectionName":"shared_teams","operationId":"PostCardToConversation"},"parameters":{"poster":"Flow bot","location":"Channel","body/recipient/groupId":"8f4c02a5-8b01-425e-bb1b-7bea24a92ac4","body/recipient/channelId":"19:3bf4f1c2fc0c443f97d3e112548e36f6@thread.tacv2","body/messageBody":"{\n    \"type\": \"AdaptiveCard\",\n    \"body\": [\n        {\n            \"type\": \"TextBlock\",\n            \"size\": \"Medium\",\n            \"weight\": \"Bolder\",\n            \"text\": \"ICU Quality Improvement\"\n        },\n        {\n            \"type\": \"ColumnSet\",\n            \"columns\": [\n                {\n                    \"type\": \"Column\",\n                    \"items\": [\n                        {\n                            \"type\": \"Image\",\n                            \"style\": \"Person\",\n                            \"url\": \"https://www.scot.nhs.uk/wp-content/uploads/2016/03/nhsscotland_logo192-50x50.png\",\n                            \"size\": \"Small\"\n                        }\n                    ],\n                    \"width\": \"auto\"\n                },\n                {\n                    \"type\": \"Column\",\n                    \"items\": [\n                        {\n                            \"type\": \"TextBlock\",\n                            \"weight\": \"Bolder\",\n                            \"text\": \"Some patients may need updates. SEE DETAIL BELOW and address.\",\n                            \"wrap\": true,\n                            \"color\": \"Accent\"\n                        },\n                        {\n                            \"type\": \"TextBlock\",\n                            \"spacing\": \"None\",\n                            \"text\": \"@{formatDateTime(utcNow(),'g','en-GB')}\",\n                            \"isSubtle\": true,\n                            \"wrap\": true\n                        }\n                    ],\n                    \"width\": \"stretch\"\n                }\n            ]\n        },\n        {\n            \"type\": \"TextBlock\",\n            \"text\": \"Patients @{body('List_of_MonthOld_patients')} have been in the ICU QI app for more than a month. If they're still on the ward, please check if the INCAPACITY FORM needs to be updated.\",\n            \"wrap\": true,\n            \"weight\": \"Bolder\"\n        }\n    ],\n    \"actions\": [\n        {\n            \"type\": \"Action.OpenUrl\",\n            \"title\": \"ICU QI App\",\n            \"url\": \"https://teams.microsoft.com/l/entity/faf8b94a-d758-493f-a381-9a997a82f60c/_djb2_msteams_prefix_293841681?context=%7B%22subEntityId%22%3Anull%2C%22channelId%22%3A%2219%3A3bf4f1c2fc0c443f97d3e112548e36f6%40thread.tacv2%22%7D&groupId=8f4c02a5-8b01-425e-bb1b-7bea24a92ac4&tenantId=c1cea889-a105-46e2-9be1-754043d7c84f&allowXTenantAccess=false\"\n        },\n        {\n            \"type\": \"Action.OpenUrl\",\n            \"title\": \"ICU QI Report\",\n            \"url\": \"https://teams.microsoft.com/l/entity/1c4340de-2a85-40e5-8eb0-4f295368978b/_djb2_msteams_prefix_933030853?context=%7B%22subEntityId%22%3Anull%2C%22channelId%22%3A%2219%3A3bf4f1c2fc0c443f97d3e112548e36f6%40thread.tacv2%22%7D&groupId=8f4c02a5-8b01-425e-bb1b-7bea24a92ac4&tenantId=c1cea889-a105-46e2-9be1-754043d7c84f&allowXTenantAccess=false\"\n        }\n    ],\n    \"$schema\": \"http://adaptivecards.io/schemas/adaptive-card.json\",\n    \"version\": \"1.4\"\n}"},"authentication":"@parameters('$authentication')"}}}},"expression":{"equals":["@variables('monthOldPatients')","@null"]},"metadata":{"operationMetadataId":"8f69d9e7-ff52-44f4-9c4b-75bc44fdf155"},"type":"If"}}},"connectionReferences":{"shared_commondataserviceforapps":{"connectionName":"shared-commondataser-1e795f09-df2f-4398-8a6f-d069cef65f18","source":"Embedded","id":"/providers/Microsoft.PowerApps/apis/shared_commondataserviceforapps","tier":"NotSpecified"},"shared_teams":{"connectionName":"87bb66d05b65403f9c1df4726b56cc05","source":"Embedded","id":"/providers/Microsoft.PowerApps/apis/shared_teams","tier":"NotSpecified"}},"flowFailureAlertSubscribed":false,"isManaged":false}}