<ImportExportXml version="9.2.23075.172" SolutionPackageVersion="9.2" languagecode="1033" generatedBy="CrmLive" xmlns:xsi="http://www.w3.org/2001/XMLSchema-instance">
  <SolutionManifest>
    <UniqueName>ExportComponents02619961f81546df94552311f83656f5</UniqueName>
    <LocalizedNames>
      <LocalizedName description="ExportComponents02619961f81546df94552311f83656f5" languagecode="1033" />
    </LocalizedNames>
    <Descriptions />
    <Version>1.0</Version>
    <Managed>0</Managed>
    <Publisher>
      <UniqueName>Cr6f94e</UniqueName>
      <LocalizedNames>
        <LocalizedName description="CDS Default Publisher" languagecode="1033" />
      </LocalizedNames>
      <Descriptions />
      <EMailAddress xsi:nil="true"></EMailAddress>
      <SupportingWebsiteUrl xsi:nil="true"></SupportingWebsiteUrl>
      <CustomizationPrefix>crba5</CustomizationPrefix>
      <CustomizationOptionValuePrefix>56889</CustomizationOptionValuePrefix>
    </Publisher>
    <RootComponents>
      <RootComponent type="1" schemaName="aaduser" behavior="0" />
      <RootComponent type="1" schemaName="crba5_admissions" behavior="0" />
      <RootComponent type="1" schemaName="crba5_icupatients" behavior="0" />
      <RootComponent type="300" schemaName="crba5_icuqidvftapp_0cd51" behavior="0" />
    </RootComponents>
    <MissingDependencies>
      <MissingDependency>
        <Required type="1" schemaName="aaduser" displayName="AAD User" solution="MetadataExtension (1.0.2.62)" />
        <Dependent type="1" schemaName="aaduser" displayName="AAD User" />
      </MissingDependency>
      <MissingDependency>
        <Required type="1" schemaName="aaduser" displayName="AAD User" solution="MetadataExtension (1.0.2.62)" />
        <Dependent type="10" schemaName="crba5_crba5_icupatients_Attending_aaduser" displayName="crba5_crba5_icupatients_Attending_aaduser" parentSchemaName="aaduser" parentDisplayName="AAD User" />
      </MissingDependency>
      <MissingDependency>
        <Required type="1" schemaName="aaduser" displayName="AAD User" solution="MetadataExtension (1.0.2.62)" />
        <Dependent type="300" schemaName="crba5_icuqidvftapp_0cd51" displayName="ICU QI Dash" />
      </MissingDependency>
      <MissingDependency>
        <Required type="2" schemaName="aaduserid" displayName="AAD user id" parentSchemaName="aaduser" parentDisplayName="AAD User" solution="MetadataExtension (1.0.2.62)" />
        <Dependent type="10" schemaName="crba5_crba5_icupatients_Attending_aaduser" displayName="crba5_crba5_icupatients_Attending_aaduser" parentSchemaName="aaduser" parentDisplayName="AAD User" />
      </MissingDependency>
      <MissingDependency>
        <Required type="2" schemaName="displayname" displayName="Display Name" parentSchemaName="aaduser" parentDisplayName="AAD User" solution="MetadataExtension (1.0.2.62)" />
        <Dependent type="10" schemaName="crba5_crba5_icupatients_Attending_aaduser" displayName="crba5_crba5_icupatients_Attending_aaduser" parentSchemaName="aaduser" parentDisplayName="AAD User" />
      </MissingDependency>
    </MissingDependencies>
  </SolutionManifest>
</ImportExportXml>